{
    "batch_size": 128,
    "best_valid_measure": 0.5997557065656466,
    "epoch": 5,
    "last_improvement": 1,
    "last_improvement_epoch": 4,
    "learning_rate": 0.001,
    "num_increases_bs": 0,
    "num_reductions_lr": 0,
    "steps": 405,
    "test_stats": {
        "airline_sentiment": {
            "accuracy": [
                0.7372736590365562,
                0.703450632046464,
                0.6761188930645712,
                0.7878373761530577,
                0.7936453706867099
            ],
            "hits_at_k": [
                1.0,
                1.0,
                1.0,
                1.0,
                1.0
            ],
            "loss": [
                0.6383259313522771,
                0.7485933398320727,
                0.8567984463372734,
                0.6592390746601132,
                0.7755403143984081
            ]
        },
        "combined": {
            "accuracy": [
                0.7372736590365562,
                0.703450632046464,
                0.6761188930645712,
                0.7878373761530577,
                0.7936453706867099
            ],
            "loss": [
                0.6383259313522771,
                0.7485933398320727,
                0.8567984463372734,
                0.6592390746601132,
                0.7755403143984081
            ]
        }
    },
    "train_stats": {
        "airline_sentiment": {
            "accuracy": [
                0.7940009675858732,
                0.8411223996129656,
                0.8787614900822448,
                0.990711175616836,
                0.9933236574746008
            ],
            "hits_at_k": [
                1.0,
                1.0,
                1.0,
                1.0,
                1.0
            ],
            "loss": [
                0.47035318272207227,
                0.37287479136724894,
                0.2843643528052904,
                0.04041956150422191,
                0.028349648905538625
            ]
        },
        "combined": {
            "accuracy": [
                0.7940009675858732,
                0.8411223996129656,
                0.8787614900822448,
                0.990711175616836,
                0.9933236574746008
            ],
            "loss": [
                0.47035318272207227,
                0.37287479136724894,
                0.2843643528052904,
                0.04041956150422191,
                0.028349648905538625
            ]
        }
    },
    "vali_stats": {
        "airline_sentiment": {
            "accuracy": [
                0.7467343976777939,
                0.7053701015965167,
                0.693033381712627,
                0.795355587808418,
                0.7895500725689405
            ],
            "hits_at_k": [
                1.0,
                1.0,
                1.0,
                1.0,
                1.0
            ],
            "loss": [
                0.6173477062120147,
                0.7502257093808821,
                0.8230071213145042,
                0.5997557065656466,
                0.7309707536406718
            ]
        },
        "combined": {
            "accuracy": [
                0.7467343976777939,
                0.7053701015965167,
                0.693033381712627,
                0.795355587808418,
                0.7895500725689405
            ],
            "loss": [
                0.6173477062120147,
                0.7502257093808821,
                0.8230071213145042,
                0.5997557065656466,
                0.7309707536406718
            ]
        }
    }
}