{
    "test": {
        "airline_sentiment": {
            "accuracy": [
                0.7400068329347455,
                0.7700717458148275,
                0.7864707892039631,
                0.788520669627605,
                0.7823710283566792
            ],
            "hits_at_k": [
                1.0,
                1.0,
                0.9996583532627263,
                0.9996583532627263,
                0.9972668261018107
            ],
            "loss": [
                0.6387832089011319,
                0.6162427420660136,
                0.5979490824270297,
                0.5885341267639514,
                0.6478134327306249
            ]
        },
        "combined": {
            "accuracy": [
                0.7400068329347455,
                0.7700717458148275,
                0.7864707892039631,
                0.788520669627605,
                0.7823710283566792
            ],
            "loss": [
                0.6387832089011319,
                0.6162427420660136,
                0.5979490824270297,
                0.5885341267639514,
                0.6478134327306249
            ]
        }
    },
    "train": {
        "airline_sentiment": {
            "accuracy": [
                0.7617803580067731,
                0.8164489598451863,
                0.8686985970004838,
                0.9251088534107402,
                0.9376874697629415
            ],
            "hits_at_k": [
                0.9999032414126754,
                0.9999032414126754,
                1.0,
                1.0,
                1.0
            ],
            "loss": [
                0.6037038935055523,
                0.48188949902390993,
                0.34937527716073313,
                0.21503154605151262,
                0.1787266328476683
            ]
        },
        "combined": {
            "accuracy": [
                0.7617803580067731,
                0.8164489598451863,
                0.8686985970004838,
                0.9251088534107402,
                0.9376874697629415
            ],
            "loss": [
                0.6037038935055523,
                0.48188949902390993,
                0.34937527716073313,
                0.21503154605151262,
                0.1787266328476683
            ]
        }
    },
    "validation": {
        "airline_sentiment": {
            "accuracy": [
                0.7467343976777939,
                0.7728592162554426,
                0.7924528301886793,
                0.8033381712626996,
                0.7815674891146589
            ],
            "hits_at_k": [
                1.0,
                1.0,
                1.0,
                0.9985486211901307,
                0.9941944847605225
            ],
            "loss": [
                0.6275978586670277,
                0.5931675472176473,
                0.5608553865651433,
                0.5475327252303568,
                0.6253423649271618
            ]
        },
        "combined": {
            "accuracy": [
                0.7467343976777939,
                0.7728592162554426,
                0.7924528301886793,
                0.8033381712626996,
                0.7815674891146589
            ],
            "loss": [
                0.6275978586670277,
                0.5931675472176473,
                0.5608553865651433,
                0.5475327252303568,
                0.6253423649271618
            ]
        }
    }
}