{
    "test": {
        "airline_sentiment": {
            "accuracy": [
                0.7372736590365562,
                0.703450632046464,
                0.6761188930645712,
                0.7878373761530577,
                0.7936453706867099,
                0.763580457806628,
                0.7423983600956611,
                0.7488896481038606,
                0.69935087119918
            ],
            "hits_at_k": [
                1.0,
                1.0,
                1.0,
                1.0,
                1.0,
                1.0,
                1.0,
                1.0,
                1.0
            ],
            "loss": [
                0.6383259313522771,
                0.7485933398320727,
                0.8567984463372734,
                0.6592390746601132,
                0.7755403143984081,
                1.1596603211095644,
                1.5242552866412789,
                0.7918597300548703,
                1.2225735465291827
            ]
        },
        "combined": {
            "accuracy": [
                0.7372736590365562,
                0.703450632046464,
                0.6761188930645712,
                0.7878373761530577,
                0.7936453706867099,
                0.763580457806628,
                0.7423983600956611,
                0.7488896481038606,
                0.69935087119918
            ],
            "loss": [
                0.6383259313522771,
                0.7485933398320727,
                0.8567984463372734,
                0.6592390746601132,
                0.7755403143984081,
                1.1596603211095644,
                1.5242552866412789,
                0.7918597300548703,
                1.2225735465291827
            ]
        }
    },
    "train": {
        "airline_sentiment": {
            "accuracy": [
                0.7940009675858732,
                0.8411223996129656,
                0.8787614900822448,
                0.990711175616836,
                0.9933236574746008,
                0.9271407837445573,
                0.8940493468795355,
                0.9595549104983068,
                0.9692307692307692
            ],
            "hits_at_k": [
                1.0,
                1.0,
                1.0,
                1.0,
                1.0,
                1.0,
                1.0,
                1.0,
                1.0
            ],
            "loss": [
                0.47035318272207227,
                0.37287479136724894,
                0.2843643528052904,
                0.04041956150422191,
                0.028349648905538625,
                0.17896125865663143,
                0.30595666572098346,
                0.13144694401206286,
                0.08952109249652038
            ]
        },
        "combined": {
            "accuracy": [
                0.7940009675858732,
                0.8411223996129656,
                0.8787614900822448,
                0.990711175616836,
                0.9933236574746008,
                0.9271407837445573,
                0.8940493468795355,
                0.9595549104983068,
                0.9692307692307692
            ],
            "loss": [
                0.47035318272207227,
                0.37287479136724894,
                0.2843643528052904,
                0.04041956150422191,
                0.028349648905538625,
                0.17896125865663143,
                0.30595666572098346,
                0.13144694401206286,
                0.08952109249652038
            ]
        }
    },
    "validation": {
        "airline_sentiment": {
            "accuracy": [
                0.7467343976777939,
                0.7053701015965167,
                0.693033381712627,
                0.795355587808418,
                0.7895500725689405,
                0.7641509433962265,
                0.7423802612481858,
                0.7351233671988389,
                0.7198838896952104
            ],
            "hits_at_k": [
                1.0,
                1.0,
                1.0,
                1.0,
                1.0,
                1.0,
                1.0,
                1.0,
                1.0
            ],
            "loss": [
                0.6173477062120147,
                0.7502257093808821,
                0.8230071213145042,
                0.5997557065656466,
                0.7309707536406718,
                1.1280943838709152,
                1.4261264828708244,
                0.8027478676229846,
                1.2347228239859482
            ]
        },
        "combined": {
            "accuracy": [
                0.7467343976777939,
                0.7053701015965167,
                0.693033381712627,
                0.795355587808418,
                0.7895500725689405,
                0.7641509433962265,
                0.7423802612481858,
                0.7351233671988389,
                0.7198838896952104
            ],
            "loss": [
                0.6173477062120147,
                0.7502257093808821,
                0.8230071213145042,
                0.5997557065656466,
                0.7309707536406718,
                1.1280943838709152,
                1.4261264828708244,
                0.8027478676229846,
                1.2347228239859482
            ]
        }
    }
}